"Species","mean_diet","sd_diet"
"ELC",-25.2181631552941,0.661065959790734
"ELN",-28.0079683889474,0.424878895701859
"GYN",-26.9450669,1.22495712314159
"GYR",-27.791734714,1.16646572652095
"KRA",-27.9617132475,0.813682562606952
"PRM",-25.778789499,1.0090852585843
