"Species","mean_diet","min_diet","max_diet"
"ELC",-25.2181631552941,-26.73149228,-24.06149228
"ELN",-28.0079683889474,-28.92149228,-27.25149228
"GYN",-26.9450669,-29.01149228,-25.06149228
"GYR",-27.791734714,-29.55149228,-25.56149228
"KRA",-27.9617132475,-29.05149228,-24.97149228
"PRM",-25.778789499,-27.08149228,-23.76149228
